Barcode	Count	Name
TCCGACAAGC	26	IX-94
CCGCATGGAAC	13	IX-52
CCGAACACTTC	21	IX-88
CAGAAGGAAC	2398	IX-05
TCTGCCTGTC	19	IX-73
TTCCTACCAGTC	11	IX-67
CGGAAGAACCTC	88	IX-76
TTGGCATCTC	38	IX-82
TCCTAACATAAC	1	IX-49
TCCACCTCCTC	50	IX-55
CTGACATAATC	12	IX-40
TCACTCGGATC	13	IX-61
CTTGAGAATGTC	2	IX-37
TTCGAGACGC	77	IX-22
TCCTAGAACAC	8	IX-58
TCTGGATGAC	215647	IX-16
TACCAAGATC	3721	IX-04
TCAGTCCGAAC	63	IX-46
TCCAAGCTGC	409	IX-31
TTAGTCGGAC	2	IX-19
CTGACCGAAC	17082226	IX-10
CCTGAGATAC	18	IX-25
TCTAACGGAC	25	IX-13
TTCGTGATTC	18747391	IX-07
CCTGCCATTCGC	14	IX-81
ATCCGGAATC	263	IX-28
TTAAGCGGTC	87	IX-96
CTAACCACGGC	2	IX-90
CCTTAGAGTTC	27	IX-63
CTTCCATAAC	43	IX-84
CTAAGGTAAC	1485	IX-01
CAGCCAATTCTC	20	IX-78
CGAAGGCCACAC	1	IX-72
CTTGTCCAATC	211	IX-93
TTGGCTGGAC	2	IX-87
TTGAGCCTATTC	1	IX-51
CCGCAATCATC	4	IX-66
TTCTCATTGAAC	119	IX-33
TTCTAAGAGAC	2	IX-48
TTCAATTGGC	10	IX-69
TCTAGCTCTTC	107	IX-60
AACCATCCGC	9	IX-27
TCAGGAATAC	42	IX-75
TCGCAATTAC	126	IX-21
TCTAGAGGTC	649	IX-15
TCTGGCAACGGC	19	IX-57
AGCACGAATC	3	IX-42
TGAGCGGAAC	13775382	IX-09
CGAGGTTATC	1	IX-30
TAACAATCGGC	12	IX-39
AGGCAATTGC	13	IX-18
CTTGGTTATTC	29	IX-86
AAGAGGATTC	1915	IX-03
CTAGGAACCGC	12	IX-92
AACCTCATTC	49	IX-24
CTGCAAGTTC	40157	IX-06
TCAAGAAGTTC	48	IX-68
CGATCGGTTC	91	IX-74
TCCTGAATCTC	1224	IX-89
CGGACAGATC	59	IX-95
TAGGTGGTTC	65	IX-12
TCGAAGGCAGGC	14	IX-80
CTAGGACATTC	50	IX-83
CGAAGCGATTC	13	IX-77
CAGCATTAATTC	91	IX-56
TTCCTGCTTCAC	2	IX-62
TTGGAGGCCAGC	3	IX-44
TGAGGCTCCGAC	8	IX-71
TGGAGGACGGAC	12	IX-38
TCCTGGCACATC	18	IX-65
TCCTTGATGTTC	12	IX-59
CGGACAATGGC	9	IX-50
TTACAACCTC	136	IX-26
TCTTACACAC	26	IX-32
CTGGCAATCCTC	1	IX-53
TCCTCGAATC	15414769	IX-11
TTCCACTTCGC	1	IX-41
TAAGCCATTGTC	12	IX-35
TTCCGATAAC	15572870	IX-08
TCGACCACTC	20	IX-29
TTGGAGTGTC	12	IX-14
CAGATCCATC	313	IX-20
CCTACTGGTC	8	IX-70
CCTGGTTGTC	24	IX-79
TCTATTCGTC	158	IX-17
TAAGGAGAAC	1011	IX-02
TGCCACGAAC	6	IX-23
CGGAAGGATGC	17	IX-91
CCAGCCTCAAC	21	IX-85
